,Country,Year,PM2.5,Life Expectancy
0,Albania,2013,16,77.554
1,Albania,2015,13,78.025
2,Andorra,2017,10,
3,Australia,2016,7,82.44878049
4,Australia,2016,7,82.44878049
5,Australia,2016,8,82.44878049
6,Australia,2016,8,82.44878049
7,Australia,2014,7,82.3
8,Australia,2014,6,82.3
9,Australia,2016,6,82.44878049
10,Australia,2013,6,82.14878049
11,Australia,2016,5,82.44878049
12,Australia,2013,6,82.14878049
13,Australia,2016,5,82.44878049
14,Australia,2014,10,82.3
15,Australia,2013,8,82.14878049
16,Australia,2014,7,82.3
17,Australia,2014,8,82.3
18,Australia,2016,8,82.44878049
19,Australia,2016,8,82.44878049
20,Australia,2016,7,82.44878049
21,Australia,2016,8,82.44878049
22,Australia,2016,8,82.44878049
23,Australia,2016,8,82.44878049
24,Australia,2014,8,82.3
25,Australia,2016,7,82.44878049
26,Australia,2016,7,82.44878049
27,Australia,2016,4,82.44878049
28,Australia,2016,6,82.44878049
29,Austria,2013,12,81.13658537
30,Austria,2016,12,81.64146341
31,Austria,2016,11,81.64146341
32,Austria,2016,12,81.64146341
33,Austria,2016,11,81.64146341
34,Austria,2016,13,81.64146341
35,Austria,2016,13,81.64146341
36,Austria,2015,14,81.1902439
37,Austria,2016,9,81.64146341
38,Austria,2014,13,81.4902439
39,Austria,2016,9,81.64146341
40,Austria,2016,17,81.64146341
41,Austria,2016,11,81.64146341
42,Austria,2013,18,81.13658537
43,Austria,2016,12,81.64146341
44,Austria,2016,12,81.64146341
45,Austria,2014,15,81.4902439
46,Austria,2016,13,81.64146341
47,Austria,2016,11,81.64146341
48,Austria,2013,14,81.13658537
49,Austria,2016,13,81.64146341
50,Austria,2016,10,81.64146341
51,Austria,2016,15,81.64146341
52,Austria,2016,12,81.64146341
53,Austria,2016,11,81.64146341
54,Austria,2016,15,81.64146341
55,Austria,2016,11,81.64146341
56,Austria,2014,16,81.4902439
57,Austria,2016,5,81.64146341
58,Austria,2016,10,81.64146341
59,Austria,2013,18,81.13658537
60,Austria,2016,13,81.64146341
61,Austria,2016,14,81.64146341
62,Austria,2016,12,81.64146341
63,Austria,2016,13,81.64146341
64,Austria,2016,11,81.64146341
65,Austria,2016,14,81.64146341
66,Austria,2016,14,81.64146341
67,Austria,2014,14,81.4902439
68,Austria,2013,15,81.13658537
69,Austria,2016,13,81.64146341
70,Austria,2016,11,81.64146341
71,Austria,2016,14,81.64146341
72,Austria,2016,14,81.64146341
73,Austria,2014,15,81.4902439
74,Austria,2016,13,81.64146341
75,Austria,2016,16,81.64146341
76,Belgium,2016,13,81.43902439
77,Belgium,2016,10,81.43902439
78,Belgium,2016,14,81.43902439
79,Belgium,2016,9,81.43902439
80,Belgium,2016,12,81.43902439
81,Belgium,2016,8,81.43902439
82,Belgium,2016,15,81.43902439
83,Belgium,2016,13,81.43902439
84,Belgium,2016,13,81.43902439
85,Belgium,2013,18,80.58780488
86,Belgium,2016,16,81.43902439
87,Belgium,2016,13,81.43902439
88,Belgium,2016,12,81.43902439
89,Belgium,2016,11,81.43902439
90,Belgium,2013,15,80.58780488
91,Belgium,2016,12,81.43902439
92,Belgium,2016,12,81.43902439
93,Belgium,2016,14,81.43902439
94,Belgium,2016,14,81.43902439
95,Belgium,2016,13,81.43902439
96,Belgium,2016,14,81.43902439
97,Belgium,2016,15,81.43902439
98,Belgium,2016,8,81.43902439
99,Belgium,2013,11,80.58780488
100,Belgium,2016,13,81.43902439
101,Belgium,2016,11,81.43902439
102,Belgium,2013,18,80.58780488
103,Belgium,2016,13,81.43902439
104,Belgium,2016,11,81.43902439
105,Belgium,2016,14,81.43902439
106,Belgium,2016,15,81.43902439
107,Belgium,2016,16,81.43902439
108,Belgium,2016,13,81.43902439
109,Belgium,2016,17,81.43902439
110,Belgium,2013,15,80.58780488
111,Belgium,2016,15,81.43902439
112,Belgium,2016,10,81.43902439
113,Belgium,2016,7,81.43902439
114,Belgium,2016,14,81.43902439
115,Belgium,2016,13,81.43902439
116,Belgium,2016,8,81.43902439
117,Belgium,2016,15,81.43902439
118,Belgium,2016,13,81.43902439
119,Belgium,2016,12,81.43902439
120,Belgium,2016,13,81.43902439
121,Belgium,2016,12,81.43902439
122,Belgium,2016,5,81.43902439
123,Belgium,2016,14,81.43902439
124,Belgium,2016,8,81.43902439
125,Belgium,2016,15,81.43902439
126,Belgium,2016,15,81.43902439
127,Belgium,2016,15,81.43902439
128,Belgium,2016,14,81.43902439
129,Bangladesh,2015,80,71.514
130,Bangladesh,2015,66,71.514
131,Bangladesh,2016,57,71.785
132,Bangladesh,2015,81,71.514
133,Bangladesh,2015,84,71.514
134,Bangladesh,2015,94,71.514
135,Bangladesh,2015,47,71.514
136,Bangladesh,2015,61,71.514
137,Bulgaria,2014,29,74.46585366
138,Bulgaria,2015,29,74.61463415
139,Bulgaria,2014,6,74.46585366
140,Bulgaria,2015,27,74.61463415
141,Bulgaria,2015,25,74.61463415
142,Bulgaria,2016,18,74.81219512
143,Bulgaria,2014,17,74.46585366
144,Bulgaria,2016,20,74.81219512
145,Bahrain,2012,66,
146,Bahrain,2012,41,
147,Bahrain,2012,64,
148,Bahrain,2016,63,
149,Bahrain,2012,58,
150,Bahrain,2012,44,
151,Bosnia and Herzegovina,2016,29,
152,Bosnia and Herzegovina,2016,64,
153,Bosnia and Herzegovina,2010,65,
154,Brazil,2014,12,
155,Brazil,2015,9,
156,Brazil,2015,16,
157,Brazil,2015,8,
158,Brazil,2015,9,
159,Brazil,2016,13,
160,Brazil,2015,9,
161,Brazil,2015,11,
162,Brazil,2016,15,
163,Brazil,2016,17,
164,Brazil,2016,17,
165,Brazil,2015,12,
166,Brazil,2016,15,
167,Brazil,2016,17,
168,Brazil,2014,15,
169,Brazil,2014,14,
170,Canada,2015,7,
171,Canada,2015,6,
172,Canada,2015,6,
173,Canada,2015,4,
174,Canada,2015,6,
175,Canada,2015,8,
176,Canada,2015,6,
177,Canada,2015,5,
178,Canada,2015,6,
179,Canada,2015,8,
180,Canada,2015,7,
181,Canada,2015,9,
182,Canada,2015,7,
183,Canada,2015,9,
184,Canada,2015,7,
185,Canada,2015,7,
186,Canada,2015,8,
187,Canada,2015,9,
188,Canada,2015,5,
189,Canada,2015,7,
190,Canada,2015,4,
191,Canada,2015,8,
192,Canada,2015,7,
193,Canada,2015,9,
194,Canada,2015,6,
195,Canada,2015,7,
196,Canada,2015,9,
197,Canada,2015,8,
198,Canada,2013,7,
199,Canada,2015,5,
200,Canada,2015,6,
201,Canada,2015,6,
202,Canada,2015,6,
203,Canada,2015,7,
204,Canada,2015,8,
205,Canada,2015,9,
206,Canada,2015,4,
207,Canada,2015,6,
208,Canada,2015,6,
209,Canada,2015,9,
210,Canada,2015,8,
211,Canada,2015,8,
212,Canada,2015,7,
213,Canada,2015,7,
214,Canada,2015,6,
215,Canada,2015,6,
216,Canada,2015,4,
217,Canada,2015,10,
218,Canada,2015,8,
219,Canada,2015,5,
220,Canada,2015,7,
221,Canada,2015,5,
222,Canada,2015,8,
223,Canada,2015,4,
224,Canada,2015,10,
225,Canada,2015,9,
226,Canada,2015,6,
227,Canada,2015,10,
228,Canada,2015,5,
229,Canada,2015,8,
230,Canada,2015,9,
231,Canada,2015,6,
232,Canada,2015,9,
233,Canada,2015,6,
234,Canada,2015,9,
235,Canada,2015,5,
236,Canada,2015,5,
237,Canada,2015,6,
238,Canada,2015,5,
239,Canada,2015,8,
240,Canada,2015,6,
241,Canada,2015,7,
242,Canada,2015,8,
243,Canada,2015,9,
244,Canada,2015,8,
245,Canada,2015,8,
246,Canada,2015,9,
247,Canada,2015,6,
248,Canada,2015,7,
249,Canada,2015,6,
250,Canada,2015,8,
251,Canada,2015,6,
252,Canada,2015,8,
253,Canada,2013,7,
254,Canada,2015,4,
255,Canada,2015,4,
256,Canada,2015,7,
257,Canada,2015,5,
258,Canada,2015,6,
259,Canada,2013,5,
260,Canada,2015,8,
261,Canada,2015,8,
262,Canada,2015,7,
263,Canada,2015,6,
264,Canada,2015,5,
265,Canada,2015,7,
266,Canada,2015,7,
267,Canada,2015,6,
268,Canada,2015,9,
269,Canada,2015,6,
270,Canada,2015,6,
271,Canada,2015,8,
272,Canada,2015,3,
273,Canada,2015,9,
274,Canada,2015,10,
275,Canada,2015,9,
276,Canada,2015,11,
277,Canada,2015,6,
278,Canada,2015,6,
279,Canada,2015,8,
280,Canada,2015,6,
281,Canada,2015,6,
282,Canada,2015,6,
283,Canada,2015,7,
284,Canada,2015,7,
285,Canada,2015,8,
286,Canada,2015,11,
287,Canada,2015,6,
288,Canada,2015,5,
289,Canada,2015,7,
290,Canada,2015,8,
291,Canada,2015,8,
292,Canada,2015,3,
293,Canada,2015,8,
294,Canada,2015,7,
295,Canada,2015,6,
296,Canada,2015,6,
297,Canada,2015,8,
298,Canada,2015,8,
299,Canada,2015,3,
300,Canada,2015,6,
301,Canada,2015,6,
302,Canada,2015,6,
303,Canada,2015,6,
304,Canada,2015,5,
305,Canada,2013,4,
306,Canada,2015,4,
307,Canada,2015,6,
308,Canada,2015,6,
309,Canada,2015,6,
310,Canada,2015,5,
311,Canada,2015,9,
312,Canada,2013,11,
313,Canada,2013,7,
314,Canada,2015,9,
315,Canada,2015,8,
316,Canada,2015,9,
317,Canada,2015,6,
318,Canada,2015,8,
319,Canada,2015,5,
320,Canada,2015,8,
321,Canada,2015,6,
322,Canada,2015,7,
323,Canada,2015,9,
324,Canada,2015,6,
325,Canada,2015,8,
326,Switzerland,2016,10,
327,Switzerland,2016,12,
328,Switzerland,2016,7,
329,Switzerland,2016,10,
330,Switzerland,2016,11,
331,Switzerland,2016,13,
332,Switzerland,2016,12,
333,Switzerland,2016,8,
334,Switzerland,2016,5,
335,Switzerland,2016,10,
336,Switzerland,2016,10,
337,Chile,2016,9,
338,Chile,2016,11,
339,Chile,2016,31,
340,Chile,2016,33,
341,Chile,2016,11,
342,Chile,2016,26,
343,Chile,2016,67,
344,Chile,2016,26,
345,Chile,2016,14,
346,Chile,2016,15,
347,Chile,2016,18,
348,Chile,2014,64,
349,Chile,2016,28,
350,Chile,2016,35,
351,Chile,2016,9,
352,Chile,2016,29,
353,Chile,2016,29,
354,Chile,2016,26,
355,Chile,2016,32,
356,Chile,2016,33,
357,Chile,2016,20,
358,Chile,2016,44,
359,Chile,2016,49,
360,Chile,2016,32,
361,Chile,2016,26,
362,Chile,2016,27,
363,Chile,2016,5,
364,Chile,2015,30,
365,Chile,2016,22,
366,Chile,2016,28,
367,Chile,2016,29,
368,Chile,2016,25,
369,Chile,2016,24,
370,Chile,2015,25,
371,Chile,2016,35,
372,Chile,2016,16,
373,Chile,2016,41,
374,Chile,2016,15,
375,Chile,2014,16,
376,Chile,2016,20,
377,China,2016,54,
378,China,2015,72,
379,China,2016,27,
380,China,2016,86,
381,China,2016,48,
382,China,2016,50,
383,China,2016,39,
384,China,2016,93,
385,China,2016,59,
386,China,2016,47,
387,China,2016,73,
388,China,2016,45,
389,China,2016,30,
390,China,2016,70,
391,China,2016,58,
392,China,2016,69,
393,China,2016,46,
394,China,2016,56,
395,China,2014,32,
396,China,2016,53,
397,China,2014,49,
398,China,2014,67,
399,China,2016,49,
400,China,2016,33,
401,China,2016,40,
402,China,2016,63,
403,China,2016,41,
404,China,2014,31,
405,China,2016,37,
406,China,2016,54,
407,China,2016,22,
408,China,2016,59,
409,China,2016,39,
410,China,2016,42,
411,China,2015,45,
412,China,2014,42,
413,China,2016,56,
414,China,2016,55,
415,China,2016,81,
416,China,2016,36,
417,China,2016,35,
418,China,2015,79,
419,China,2014,28,
420,China,2016,48,
421,China,2016,24,
422,China,2016,60,
423,China,2016,29,
424,China,2016,38,
425,China,2016,44,
426,China,2014,60,
427,China,2016,27,
428,China,2016,38,
429,China,2016,45,
430,China,2016,46,
431,China,2016,28,
432,China,2016,36,
433,China,2016,38,
434,China,2016,47,
435,China,2016,37,
436,China,2016,37,
437,China,2016,32,
438,China,2016,46,
439,China,2016,21,
440,China,2014,51,
441,China,2016,31,
442,China,2016,27,
443,China,2016,82,
444,China,2016,49,
445,China,2016,52,
446,China,2016,73,
447,China,2016,34,
448,China,2016,57,
449,China,2016,87,
450,China,2016,52,
451,China,2016,32,
452,China,2016,82,
453,China,2016,41,
454,China,2016,23,
455,China,2014,22,
456,China,2016,53,
457,China,2016,42,
458,China,2016,56,
459,China,2014,12,
460,China,2016,51,
461,China,2016,45,
462,China,2016,28,
463,China,2016,57,
464,China,2016,27,
465,China,2016,47,
466,China,2016,47,
467,China,2014,90,
468,China,2015,82,
469,China,2016,34,
470,China,2014,68,
471,China,2014,52,
472,China,2014,52,
473,China,2016,85,
474,China,2016,44,
475,China,2016,33,
476,China,2016,39,
477,China,2016,42,
478,China,2014,51,
479,China,2016,73,
480,China,2016,32,
481,China,2016,62,
482,China,2016,58,
483,China,2016,60,
484,China,2016,46,
485,China,2014,54,
486,China,2014,48,
487,China,2016,62,
488,China,2016,55,
489,China,2016,50,
490,China,2016,28,
491,China,2014,64,
492,China,2016,72,
493,China,2014,30,
494,China,2016,30,
495,China,2014,20,
496,China,2014,32,
497,China,2014,58,
498,China,2016,28,
499,China,2014,46,
500,China,2016,73,
501,China,2014,56,
502,China,2014,56,
503,China,2016,66,
504,China,2016,54,
505,China,2016,63,
506,China,2015,26,
507,China,2016,46,
508,China,2016,86,
509,China,2016,47,
510,China,2016,46,
511,China,2014,26,
512,China,2014,58,
513,China,2016,28,
514,China,2016,74,
515,China,2014,56,
516,China,2016,33,
517,China,2016,39,
518,China,2016,44,
519,China,2014,52,
520,China,2016,24,
521,China,2016,46,
522,China,2016,46,
523,China,2016,77,
524,China,2016,79,
525,China,2016,64,
526,China,2016,49,
527,China,2014,57,
528,China,2016,30,
529,China,2016,28,
530,China,2016,49,
531,China,2014,25,
532,China,2016,37,
533,China,2016,43,
534,China,2014,57,
535,China,2016,48,
536,China,2016,36,
537,China,2016,25,
538,China,2016,46,
539,China,2014,34,
540,China,2016,63,
541,China,2016,54,
542,China,2014,22,
543,China,2016,39,
544,China,2016,27,
545,China,2016,40,
546,China,2016,32,
547,China,2014,16,
548,China,2014,46,
549,China,2016,75,
550,China,2014,58,
551,China,2016,41,
552,China,2014,22,
553,China,2016,29,
554,China,2016,69,
555,China,2016,28,
556,China,2016,45,
557,China,2016,36,
558,China,2016,46,
559,China,2016,37,
560,China,2016,36,
561,China,2016,28,
562,China,2014,32,
563,China,2016,43,
564,China,2016,55,
565,China,2014,38,
566,China,2014,48,
567,China,2016,66,
568,China,2016,26,
569,China,2016,14,
570,China,2016,45,
571,China,2016,39,
572,China,2016,77,
573,China,2016,41,
574,China,2016,30,
575,China,2016,24,
576,China,2016,33,
577,China,2016,45,
578,China,2016,54,
579,China,2016,54,
580,China,2016,27,
581,China,2015,89,
582,China,2016,51,
583,China,2016,47,
584,China,2014,78,
585,China,2016,34,
586,China,2016,46,
587,China,2016,35,
588,China,2016,44,
589,China,2016,56,
590,China,2016,56,
591,China,2016,46,
592,China,2016,63,
593,China,2014,55,
594,China,2014,54,
595,China,2014,29,
596,China,2014,29,
597,China,2014,19,
598,China,2014,10,
599,China,2016,66,
600,China,2014,43,
601,China,2016,51,
602,China,2016,36,
603,China,2016,74,
604,China,2014,24,
605,China,2016,69,
606,China,2016,42,
607,China,2016,48,
608,China,2016,59,
609,China,2016,42,
610,China,2016,51,
611,China,2016,25,
612,China,2016,74,
613,China,2014,58,
614,China,2016,76,
615,China,2014,49,
616,China,2016,35,
617,China,2014,68,
618,China,2014,46,
619,China,2016,38,
620,China,2016,46,
621,China,2016,57,
622,China,2016,53,
623,China,2014,56,
624,China,2016,39,
625,China,2016,53,
626,China,2016,48,
627,China,2016,71,
628,China,2016,49,
629,China,2016,28,
630,China,2016,51,
631,China,2016,44,
632,China,2016,64,
633,China,2016,48,
634,China,2016,82,
635,China,2016,45,
636,China,2016,87,
637,China,2014,63,
638,China,2016,84,
639,China,2016,58,
640,China,2016,56,
641,China,2016,51,
642,China,2016,68,
643,China,2016,60,
644,China,2016,42,
645,China,2014,48,
646,China,2016,31,
647,China,2016,43,
648,China,2016,31,
649,China,2014,70,
650,China,2016,51,
651,China,2016,39,
652,China,2015,58,
653,China,2016,62,
654,China,2014,16,
655,China,2016,55,
656,China,2016,44,
657,China,2016,41,
658,China,2014,58,
659,China,2014,54,
660,China,2016,44,
661,China,2016,45,
662,China,2016,49,
663,China,2016,34,
664,China,2014,31,
665,China,2016,17,
666,China,2014,30,
667,China,2016,81,
668,China,2014,60,
669,China,2016,48,
670,China,2016,32,
671,China,2014,47,
672,China,2016,38,
673,China,2016,33,
674,China,2016,26,
675,China,2016,37,
676,China,2016,39,
677,China,2014,54,
678,China,2016,78,
679,China,2016,50,
680,China,2016,30,
681,China,2016,68,
682,China,2016,25,
683,China,2016,26,
684,China,2014,58,
685,China,2016,68,
686,China,2016,51,
687,China,2014,54,
688,China,2016,73,
689,China,2016,49,
690,China,2016,44,
691,Cameroon,2012,67,
692,Cameroon,2012,132,
693,Cameroon,2012,49,
694,Colombia,2015,30,
695,Colombia,2015,26,
696,Colombia,2014,41,
697,Colombia,2014,18,
698,Colombia,2015,36,
699,Colombia,2014,9,
700,Colombia,2016,18,
701,Costa Rica,2013,30,
702,Costa Rica,2013,29,
703,Costa Rica,2013,14,
704,Costa Rica,2013,24,
705,Cuba,2015,35,
706,Cyprus,2016,10,
707,Cyprus,2013,13,
708,Cyprus,2016,15,
709,Cyprus,2013,17,
710,Cyprus,2016,15,
711,Cyprus,2013,17,
712,Cyprus,2013,16,
713,Cyprus,2016,15,
714,Cyprus,2016,15,
715,Czechia,2016,21,
716,Czechia,2016,17,
717,Czechia,2016,17,
718,Czechia,2016,15,
719,Czechia,2016,19,
720,Czechia,2016,26,
721,Czechia,2016,11,
722,Czechia,2016,25,
723,Czechia,2016,17,
724,Czechia,2016,32,
725,Czechia,2016,18,
726,Czechia,2016,23,
727,Czechia,2016,12,
728,Czechia,2016,26,
729,Czechia,2016,26,
730,Czechia,2016,17,
731,Czechia,2016,18,
732,Czechia,2016,15,
733,Czechia,2016,15,
734,Czechia,2016,17,
735,Czechia,2016,27,
736,Czechia,2016,16,
737,Czechia,2016,13,
738,Czechia,2016,17,
739,Czechia,2016,17,
740,Czechia,2016,19,
741,Czechia,2016,15,
742,Czechia,2016,19,
743,Czechia,2016,18,
744,Czechia,2016,22,
745,Czechia,2016,22,
746,Czechia,2016,25,
747,Czechia,2016,17,
748,Czechia,2016,17,
749,Czechia,2016,17,
750,Czechia,2016,22,
751,Czechia,2014,19,
752,Czechia,2016,16,
753,Czechia,2016,25,
754,Czechia,2016,15,
755,Czechia,2016,13,
756,Czechia,2016,4,
757,Czechia,2016,23,
758,Czechia,2016,20,
759,Czechia,2016,10,
760,Czechia,2016,19,
761,Czechia,2016,24,
762,Czechia,2016,15,
763,Czechia,2016,21,
764,Czechia,2016,20,
765,Czechia,2016,16,
766,Germany,2015,11,
767,Germany,2016,8,
768,Germany,2014,14,
769,Germany,2016,12,
770,Germany,2016,12,
771,Germany,2016,11,
772,Germany,2016,12,
773,Germany,2016,10,
774,Germany,2013,13,
775,Germany,2014,13,
776,Germany,2016,12,
777,Germany,2016,13,
778,Germany,2016,12,
779,Germany,2016,9,
780,Germany,2016,16,
781,Germany,2016,15,
782,Germany,2015,14,
783,Germany,2016,16,
784,Germany,2016,13,
785,Germany,2016,14,
786,Germany,2016,13,
787,Germany,2016,12,
788,Germany,2016,12,
789,Germany,2013,13,
790,Germany,2016,12,
791,Germany,2013,13,
792,Germany,2016,13,
793,Germany,2016,11,
794,Germany,2016,10,
795,Germany,2016,12,
796,Germany,2015,13,
797,Germany,2016,11,
798,Germany,2013,11,
799,Germany,2016,15,
800,Germany,2016,15,
801,Germany,2016,13,
802,Germany,2016,14,
803,Germany,2016,13,
804,Germany,2016,12,
805,Germany,2016,12,
806,Germany,2016,16,
807,Germany,2016,17,
808,Germany,2016,15,
809,Germany,2016,11,
810,Germany,2013,9,
811,Germany,2016,13,
812,Germany,2016,11,
813,Germany,2013,18,
814,Germany,2016,16,
815,Germany,2013,16,
816,Germany,2016,13,
817,Germany,2013,13,
818,Germany,2016,11,
819,Germany,2016,14,
820,Germany,2016,7,
821,Germany,2016,14,
822,Germany,2016,13,
823,Germany,2013,11,
824,Germany,2016,11,
825,Germany,2016,12,
826,Germany,2016,12,
827,Germany,2016,11,
828,Germany,2016,15,
829,Germany,2016,14,
830,Germany,2016,12,
831,Germany,2016,9,
832,Germany,2016,14,
833,Germany,2016,14,
834,Germany,2013,8,
835,Germany,2016,12,
836,Germany,2016,12,
837,Germany,2016,12,
838,Germany,2016,12,
839,Germany,2016,11,
840,Germany,2016,11,
841,Germany,2016,13,
842,Germany,2016,10,
843,Germany,2016,12,
844,Germany,2016,11,
845,Germany,2016,12,
846,Germany,2016,15,
847,Germany,2013,14,
848,Germany,2015,12,
849,Germany,2016,15,
850,Germany,2016,13,
851,Germany,2016,12,
852,Germany,2016,12,
853,Germany,2016,13,
854,Germany,2016,10,
855,Germany,2016,12,
856,Germany,2016,10,
857,Germany,2013,15,
858,Germany,2016,13,
859,Germany,2016,14,
860,Germany,2016,12,
861,Germany,2016,13,
862,Germany,2016,14,
863,Germany,2016,6,
864,Germany,2016,13,
865,Germany,2016,8,
866,Germany,2015,14,
867,Germany,2016,12,
868,Germany,2014,16,
869,Germany,2016,5,
870,Germany,2015,13,
871,Germany,2016,12,
872,Germany,2013,10,
873,Germany,2013,11,
874,Germany,2016,11,
875,Germany,2013,13,
876,Germany,2016,11,
877,Germany,2016,13,
878,Germany,2016,13,
879,Germany,2016,11,
880,Germany,2015,9,
881,Germany,2016,6,
882,Germany,2013,7,
883,Germany,2016,11,
884,Germany,2016,15,
885,Germany,2016,13,
886,Germany,2013,12,
887,Germany,2016,15,
888,Germany,2016,13,
889,Germany,2016,11,
890,Germany,2016,15,
891,Germany,2016,14,
892,Germany,2016,15,
893,Germany,2016,11,
894,Germany,2016,12,
895,Germany,2016,13,
896,Germany,2016,16,
897,Germany,2016,12,
898,Germany,2016,11,
899,Germany,2016,12,
900,Germany,2016,12,
901,Germany,2016,15,
902,Germany,2016,13,
903,Germany,2016,12,
904,Germany,2015,8,
905,Germany,2016,11,
906,Germany,2014,10,
907,Germany,2016,8,
908,Germany,2016,13,
909,Germany,2016,15,
910,Germany,2016,11,
911,Germany,2016,15,
912,Germany,2016,8,
913,Germany,2016,13,
914,Germany,2016,11,
915,Germany,2016,11,
916,Germany,2016,12,
917,Germany,2016,12,
918,Germany,2016,11,
919,Germany,2013,15,
920,Germany,2016,12,
921,Germany,2016,11,
922,Germany,2016,13,
923,Germany,2016,13,
924,Germany,2016,10,
925,Germany,2016,14,
926,Germany,2016,11,
927,Germany,2016,10,
928,Germany,2016,12,
929,Germany,2015,15,
930,Germany,2016,12,
931,Germany,2016,11,
932,Germany,2016,10,
933,Denmark,2013,11,
934,Denmark,2016,11,
935,Denmark,2013,11,
936,Denmark,2016,12,
937,Denmark,2016,10,
938,Denmark,2016,9,
939,Ecuador,2017,11,
940,Ecuador,2016,18,
941,Spain,2016,13,
942,Spain,2016,7,
943,Spain,2016,5,
944,Spain,2016,9,
945,Spain,2016,12,
946,Spain,2016,10,
947,Spain,2016,7,
948,Spain,2013,9,
949,Spain,2016,9,
950,Spain,2016,4,
951,Spain,2016,6,
952,Spain,2013,7,
953,Spain,2016,8,
954,Spain,2013,10,
955,Spain,2016,6,
956,Spain,2013,8,
957,Spain,2013,7,
958,Spain,2013,11,
959,Spain,2016,5,
960,Spain,2016,11,
961,Spain,2016,10,
962,Spain,2016,8,
963,Spain,2016,7,
964,Spain,2016,10,
965,Spain,2013,7,
966,Spain,2016,7,
967,Spain,2016,8,
968,Spain,2013,7,
969,Spain,2016,14,
970,Spain,2016,7,
971,Spain,2016,4,
972,Spain,2013,7,
973,Spain,2013,8,
974,Spain,2013,7,
975,Spain,2015,7,
976,Spain,2016,5,
977,Spain,2016,7,
978,Spain,2016,8,
979,Spain,2013,7,
980,Spain,2016,11,
981,Spain,2016,6,
982,Spain,2016,6,
983,Spain,2013,9,
984,Spain,2016,4,
985,Spain,2016,7,
986,Spain,2016,9,
987,Spain,2014,11,
988,Spain,2016,7,
989,Spain,2016,13,
990,Spain,2013,12,
991,Spain,2016,10,
992,Spain,2016,10,
993,Spain,2016,12,
994,Spain,2016,8,
995,Spain,2015,12,
996,Spain,2016,9,
997,Spain,2013,12,
998,Spain,2016,11,
999,Spain,2016,9,
1000,Spain,2016,7,
1001,Spain,2016,6,
1002,Spain,2016,10,
1003,Spain,2013,11,
1004,Spain,2016,7,
1005,Spain,2016,6,
1006,Spain,2016,5,
1007,Spain,2016,9,
1008,Spain,2013,10,
1009,Spain,2016,10,
1010,Spain,2016,9,
1011,Spain,2013,9,
1012,Spain,2016,9,
1013,Spain,2016,7,
1014,Spain,2016,5,
1015,Spain,2013,9,
1016,Spain,2016,5,
1017,Spain,2016,15,
1018,Spain,2016,6,
1019,Spain,2016,13,
1020,Spain,2016,6,
1021,Spain,2015,8,
1022,Spain,2016,7,
1023,Spain,2016,6,
1024,Spain,2014,4,
1025,Spain,2016,8,
1026,Spain,2016,14,
1027,Spain,2016,10,
1028,Spain,2015,12,
1029,Spain,2016,6,
1030,Spain,2016,10,
1031,Spain,2016,8,
1032,Spain,2013,13,
1033,Spain,2016,11,
1034,Spain,2013,8,
1035,Spain,2015,11,
1036,Spain,2016,8,
1037,Spain,2013,5,
1038,Spain,2013,6,
1039,Spain,2016,10,
1040,Spain,2013,7,
1041,Spain,2016,7,
1042,Spain,2014,10,
1043,Spain,2016,7,
1044,Spain,2015,14,
1045,Spain,2016,10,
1046,Spain,2013,5,
1047,Spain,2016,7,
1048,Spain,2013,8,
1049,Spain,2013,8,
1050,Spain,2016,9,
1051,Spain,2016,8,
1052,Spain,2016,9,
1053,Spain,2016,6,
1054,Spain,2016,8,
1055,Spain,2015,13,
1056,Spain,2013,13,
1057,Spain,2016,9,
1058,Spain,2016,4,
1059,Spain,2016,7,
1060,Spain,2016,6,
1061,Spain,2013,7,
1062,Spain,2016,10,
1063,Spain,2013,7,
1064,Spain,2016,5,
1065,Spain,2016,8,
1066,Spain,2016,11,
1067,Spain,2013,6,
1068,Spain,2016,11,
1069,Spain,2016,15,
1070,Spain,2016,10,
1071,Spain,2016,10,
1072,Spain,2016,12,
1073,Spain,2016,8,
1074,Spain,2016,5,
1075,Spain,2013,8,
1076,Spain,2016,9,
1077,Spain,2016,6,
1078,Spain,2016,9,
1079,Spain,2016,8,
1080,Spain,2015,10,
1081,Spain,2016,11,
1082,Spain,2013,5,
1083,Spain,2016,7,
1084,Estonia,2016,5,
1085,Estonia,2016,5,
1086,Estonia,2016,5,
1087,Estonia,2016,5,
1088,Estonia,2016,6,
1089,Estonia,2016,4,
1090,Estonia,2016,5,
1091,Finland,2016,5,
1092,Finland,2016,6,
1093,Finland,2016,7,
1094,Finland,2016,5,
1095,Finland,2016,6,
1096,Finland,2016,7,
1097,Finland,2016,5,
1098,Finland,2016,7,
1099,Finland,2016,6,
1100,Finland,2016,5,
1101,Finland,2016,4,
1102,Finland,2016,4,
1103,Finland,2016,7,
1104,Finland,2016,6,
1105,Fiji,2015,8,
1106,France,2016,13,
1107,France,2015,15,
1108,France,2014,10,
1109,France,2016,12,
1110,France,2016,12,
1111,France,2016,10,
1112,France,2015,18,
1113,France,2016,13,
1114,France,2016,10,
1115,France,2016,12,
1116,France,2016,12,
1117,France,2016,10,
1118,France,2016,12,
1119,France,2015,12,
1120,France,2016,15,
1121,France,2016,14,
1122,France,2016,13,
1123,France,2016,14,
1124,France,2016,7,
1125,France,2016,13,
1126,France,2016,9,
1127,France,2016,14,
1128,France,2016,6,
1129,France,2015,10,
1130,France,2016,13,
1131,France,2016,12,
1132,France,2016,12,
1133,France,2015,16,
1134,France,2016,12,
1135,France,2016,10,
1136,France,2016,15,
1137,France,2016,12,
1138,France,2016,11,
1139,France,2016,9,
1140,France,2016,15,
1141,France,2016,12,
1142,France,2016,14,
1143,France,2016,11,
1144,France,2015,20,
1145,France,2015,15,
1146,France,2016,16,
1147,France,2016,9,
1148,France,2016,11,
1149,France,2016,12,
1150,France,2014,10,
1151,France,2016,13,
1152,France,2015,15,
1153,France,2016,14,
1154,France,2016,13,
1155,France,2016,14,
1156,France,2016,9,
1157,France,2016,9,
1158,France,2016,8,
1159,France,2016,10,
1160,France,2016,12,
1161,France,2016,8,
1162,France,2015,22,
1163,France,2016,9,
1164,France,2016,10,
1165,France,2016,8,
1166,France,2016,12,
1167,France,2016,10,
1168,France,2015,14,
1169,France,2015,9,
1170,France,2016,16,
1171,France,2016,9,
1172,France,2016,9,
1173,France,2016,10,
1174,France,2016,9,
1175,France,2016,11,
1176,France,2016,10,
1177,France,2016,13,
1178,France,2016,15,
1179,France,2016,11,
1180,France,2016,9,
1181,France,2016,18,
1182,France,2016,16,
1183,France,2016,13,
1184,France,2016,15,
1185,France,2016,10,
1186,France,2016,13,
1187,France,2016,15,
1188,France,2016,13,
1189,France,2016,13,
1190,France,2016,13,
1191,France,2016,13,
1192,France,2016,13,
1193,France,2016,12,
1194,France,2016,10,
1195,France,2016,11,
1196,France,2016,8,
1197,France,2016,16,
1198,France,2016,16,
1199,France,2013,13,
1200,France,2016,10,
1201,France,2014,6,
1202,France,2016,11,
1203,France,2015,11,
1204,France,2016,10,
1205,France,2016,12,
1206,France,2016,11,
1207,France,2015,13,
1208,France,2016,16,
1209,France,2016,12,
1210,France,2015,10,
1211,France,2016,13,
1212,France,2016,15,
1213,France,2016,11,
1214,France,2015,12,
1215,France,2016,9,
1216,France,2016,8,
1217,France,2016,12,
1218,France,2014,4,
1219,France,2016,11,
1220,France,2016,12,
1221,France,2016,9,
1222,France,2016,10,
1223,France,2016,5,
1224,France,2016,7,
1225,France,2016,6,
1226,France,2016,13,
1227,France,2015,15,
1228,France,2016,15,
1229,France,2016,14,
1230,France,2016,12,
1231,France,2016,14,
1232,France,2013,13,
1233,France,2016,11,
1234,France,2016,8,
1235,France,2016,13,
1236,France,2016,15,
1237,France,2016,9,
1238,France,2016,13,
1239,France,2016,6,
1240,France,2016,8,
1241,France,2013,20,
1242,France,2016,11,
1243,France,2016,13,
1244,France,2016,13,
1245,United Kingdom,2016,5,
1246,United Kingdom,2016,11,
1247,United Kingdom,2016,10,
1248,United Kingdom,2013,13,
1249,United Kingdom,2016,8,
1250,United Kingdom,2016,10,
1251,United Kingdom,2016,8,
1252,United Kingdom,2016,7,
1253,United Kingdom,2016,9,
1254,United Kingdom,2013,13,
1255,United Kingdom,2016,10,
1256,United Kingdom,2014,11,
1257,United Kingdom,2015,10,
1258,United Kingdom,2016,11,
1259,United Kingdom,2016,10,
1260,United Kingdom,2015,8,
1261,United Kingdom,2014,12,
1262,United Kingdom,2016,10,
1263,United Kingdom,2015,6,
1264,United Kingdom,2016,11,
1265,United Kingdom,2016,12,
1266,United Kingdom,2016,8,
1267,United Kingdom,2016,6,
1268,United Kingdom,2016,10,
1269,United Kingdom,2016,11,
1270,United Kingdom,2016,5,
1271,United Kingdom,2013,13,
1272,United Kingdom,2016,11,
1273,United Kingdom,2016,12,
1274,United Kingdom,2013,12,
1275,United Kingdom,2016,12,
1276,United Kingdom,2015,12,
1277,United Kingdom,2016,10,
1278,United Kingdom,2015,11,
1279,United Kingdom,2013,10,
1280,United Kingdom,2016,10,
1281,United Kingdom,2016,7,
1282,United Kingdom,2016,11,
1283,United Kingdom,2016,12,
1284,United Kingdom,2015,10,
1285,United Kingdom,2016,3,
1286,United Kingdom,2013,12,
1287,United Kingdom,2016,9,
1288,United Kingdom,2016,12,
1289,United Kingdom,2016,10,
1290,United Kingdom,2016,11,
1291,United Kingdom,2016,10,
1292,United Kingdom,2013,15,
1293,United Kingdom,2016,8,
1294,United Kingdom,2016,12,
1295,United Kingdom,2017,6,
1296,United Kingdom,2016,10,
1297,United Kingdom,2015,10,
1298,United Kingdom,2013,11,
1299,United Kingdom,2016,12,
1300,United Kingdom,2016,10,
1301,United Kingdom,2016,13,
1302,United Kingdom,2016,11,
1303,United Kingdom,2016,9,
1304,United Kingdom,2016,9,
1305,United Kingdom,2013,14,
1306,United Kingdom,2016,12,
1307,United Kingdom,2016,13,
1308,United Kingdom,2016,8,
1309,United Kingdom,2016,13,
1310,United Kingdom,2014,14,
1311,United Kingdom,2015,11,
1312,United Kingdom,2016,8,
1313,United Kingdom,2016,11,
1314,Georgia,2017,21,
1315,Ghana,2016,55,
1316,Greece,2013,10,
1317,Greece,2016,16,
1318,Greece,2016,20,
1319,Greece,2016,21,
1320,Greece,2016,17,
1321,Greece,2016,20,
1322,Greece,2016,13,
1323,Greece,2016,12,
1324,Guatemala,2013,41,
1325,Guatemala,2014,35,
1326,Croatia,2016,9,
1327,Croatia,2015,14,
1328,Croatia,2016,8,
1329,Croatia,2016,17,
1330,Croatia,2016,10,
1331,Croatia,2016,41,
1332,Croatia,2016,10,
1333,Croatia,2016,10,
1334,Croatia,2016,30,
1335,Croatia,2016,21,
1336,Hungary,2014,21,
1337,Hungary,2014,12,
1338,Hungary,2016,10,
1339,Hungary,2014,16,
1340,Indonesia,2014,33,
1341,Indonesia,2016,45,
1342,India,2016,131,
1343,India,2015,65,
1344,India,2016,27,
1345,India,2016,46,
1346,India,2016,60,
1347,India,2016,49,
1348,India,2016,143,
1349,India,2016,172,
1350,India,2016,40,
1351,India,2016,149,
1352,India,2016,120,
1353,India,2016,44,
1354,India,2016,38,
1355,India,2016,105,
1356,India,2016,98,
1357,India,2016,173,
1358,India,2016,74,
1359,India,2016,138,
1360,India,2016,64,
1361,India,2016,120,
1362,India,2016,84,
1363,India,2016,41,
1364,India,2016,55,
1365,India,2016,101,
1366,India,2016,144,
1367,India,2016,50,
1368,India,2016,39,
1369,India,2016,33,
1370,India,2016,35,
1371,India,2016,41,
1372,India,2016,146,
1373,India,2016,34,
1374,Ireland,2016,7,
1375,Ireland,2016,7,
1376,Ireland,2016,9,
1377,Ireland,2016,12,
1378,Ireland,2016,12,
1379,Ireland,2014,4,
1380,Ireland,2016,6,
1381,Ireland,2015,7,
1382,Iran (Islamic Republic of),2016,32,
1383,Iran (Islamic Republic of),2016,58,
1384,Iran (Islamic Republic of),2016,31,
1385,Iran (Islamic Republic of),2016,32,
1386,Iran (Islamic Republic of),2016,55,
1387,Iran (Islamic Republic of),2016,46,
1388,Iran (Islamic Republic of),2016,15,
1389,Iran (Islamic Republic of),2016,28,
1390,Iran (Islamic Republic of),2016,17,
1391,Iran (Islamic Republic of),2016,46,
1392,Iran (Islamic Republic of),2016,44,
1393,Iran (Islamic Republic of),2016,22,
1394,Iran (Islamic Republic of),2014,31,
1395,Iran (Islamic Republic of),2016,32,
1396,Iran (Islamic Republic of),2016,56,
1397,Iran (Islamic Republic of),2016,21,
1398,Iran (Islamic Republic of),2016,35,
1399,Iran (Islamic Republic of),2016,27,
1400,Iran (Islamic Republic of),2013,66,
1401,Iran (Islamic Republic of),2016,37,
1402,Iran (Islamic Republic of),2016,34,
1403,Iran (Islamic Republic of),2016,30,
1404,Iran (Islamic Republic of),2016,21,
1405,Iran (Islamic Republic of),2016,42,
1406,Iran (Islamic Republic of),2016,30,
1407,Iran (Islamic Republic of),2016,26,
1408,Iran (Islamic Republic of),2016,32,
1409,Iran (Islamic Republic of),2016,28,
1410,Iran (Islamic Republic of),2016,33,
1411,Iran (Islamic Republic of),2016,23,
1412,Iran (Islamic Republic of),2016,30,
1413,Iran (Islamic Republic of),2016,44,
1414,Iran (Islamic Republic of),2016,28,
1415,Iran (Islamic Republic of),2016,20,
1416,Iran (Islamic Republic of),2016,29,
1417,Iran (Islamic Republic of),2016,31,
1418,Iran (Islamic Republic of),2016,33,
1419,Iran (Islamic Republic of),2016,15,
1420,Iran (Islamic Republic of),2016,27,
1421,Iran (Islamic Republic of),2016,21,
1422,Iran (Islamic Republic of),2016,28,
1423,Iran (Islamic Republic of),2016,28,
1424,Iran (Islamic Republic of),2012,37,
1425,Iran (Islamic Republic of),2016,32,
1426,Iran (Islamic Republic of),2016,38,
1427,Iran (Islamic Republic of),2016,61,
1428,Iran (Islamic Republic of),2016,38,
1429,Iran (Islamic Republic of),2016,24,
1430,Iran (Islamic Republic of),2016,26,
1431,Iran (Islamic Republic of),2016,28,
1432,Iran (Islamic Republic of),2016,24,
1433,Iran (Islamic Republic of),2016,36,
1434,Iran (Islamic Republic of),2016,29,
1435,Iran (Islamic Republic of),2016,36,
1436,Iran (Islamic Republic of),2016,50,
1437,Iran (Islamic Republic of),2016,16,
1438,Iran (Islamic Republic of),2016,25,
1439,Iran (Islamic Republic of),2016,39,
1440,Iceland,2016,4,
1441,Iceland,2016,5,
1442,Iceland,2016,14,
1443,Israel,2014,23,
1444,Israel,2015,23,
1445,Israel,2015,25,
1446,Israel,2015,27,
1447,Israel,2015,25,
1448,Israel,2015,29,
1449,Israel,2014,16,
1450,Israel,2015,20,
1451,Israel,2015,22,
1452,Israel,2015,28,
1453,Israel,2014,22,
1454,Israel,2015,20,
1455,Israel,2015,16,
1456,Israel,2015,24,
1457,Israel,2015,18,
1458,Israel,2015,22,
1459,Israel,2015,23,
1460,Israel,2014,20,
1461,Israel,2014,23,
1462,Israel,2015,24,
1463,Israel,2015,24,
1464,Israel,2015,24,
1465,Israel,2014,20,
1466,Israel,2014,19,
1467,Israel,2014,17,
1468,Italy,2016,9,
1469,Italy,2016,14,
1470,Italy,2016,11,
1471,Italy,2016,21,
1472,Italy,2016,15,
1473,Italy,2016,12,
1474,Italy,2016,14,
1475,Italy,2016,12,
1476,Italy,2016,13,
1477,Italy,2016,16,
1478,Italy,2015,12,
1479,Italy,2014,20,
1480,Italy,2016,15,
1481,Italy,2016,13,
1482,Italy,2016,18,
1483,Italy,2016,13,
1484,Italy,2015,24,
1485,Italy,2016,22,
1486,Italy,2016,22,
1487,Italy,2016,14,
1488,Italy,2016,17,
1489,Italy,2016,23,
1490,Italy,2016,21,
1491,Italy,2016,18,
1492,Italy,2016,17,
1493,Italy,2016,15,
1494,Italy,2016,17,
1495,Italy,2016,26,
1496,Italy,2016,14,
1497,Italy,2016,14,
1498,Italy,2016,17,
1499,Italy,2016,20,
1500,Italy,2013,15,
1501,Italy,2016,10,
1502,Italy,2016,21,
1503,Italy,2016,21,
1504,Italy,2014,19,
1505,Italy,2013,29,
1506,Italy,2015,26,
1507,Italy,2016,27,
1508,Italy,2016,9,
1509,Italy,2016,19,
1510,Italy,2016,5,
1511,Italy,2016,8,
1512,Italy,2016,16,
1513,Italy,2016,11,
1514,Italy,2016,13,
1515,Italy,2016,22,
1516,Italy,2016,11,
1517,Italy,2016,19,
1518,Italy,2016,10,
1519,Italy,2016,24,
1520,Italy,2016,21,
1521,Italy,2016,13,
1522,Italy,2016,26,
1523,Italy,2016,16,
1524,Italy,2016,17,
1525,Italy,2016,27,
1526,Italy,2016,24,
1527,Italy,2013,11,
1528,Italy,2016,20,
1529,Italy,2016,13,
1530,Italy,2016,18,
1531,Italy,2016,20,
1532,Italy,2016,16,
1533,Italy,2016,15,
1534,Italy,2016,14,
1535,Italy,2016,19,
1536,Italy,2016,12,
1537,Italy,2016,15,
1538,Italy,2013,15,
1539,Italy,2016,19,
1540,Italy,2016,16,
1541,Italy,2016,18,
1542,Italy,2016,16,
1543,Italy,2016,18,
1544,Italy,2013,6,
1545,Italy,2016,15,
1546,Italy,2016,14,
1547,Italy,2016,10,
1548,Italy,2013,21,
1549,Italy,2016,11,
1550,Italy,2016,15,
1551,Italy,2013,16,
1552,Italy,2016,20,
1553,Italy,2016,17,
1554,Italy,2013,13,
1555,Italy,2016,11,
1556,Italy,2016,15,
1557,Italy,2016,12,
1558,Italy,2016,14,
1559,Italy,2016,13,
1560,Italy,2016,12,
1561,Italy,2013,12,
1562,Italy,2016,13,
1563,Italy,2016,14,
1564,Italy,2016,15,
1565,Italy,2016,24,
1566,Italy,2016,9,
1567,Italy,2016,11,
1568,Italy,2016,11,
1569,Italy,2016,22,
1570,Italy,2016,11,
1571,Italy,2016,6,
1572,Italy,2016,14,
1573,Italy,2016,7,
1574,Italy,2016,23,
1575,Italy,2016,24,
1576,Italy,2016,16,
1577,Italy,2016,14,
1578,Italy,2016,24,
1579,Italy,2016,27,
1580,Italy,2013,20,
1581,Italy,2016,17,
1582,Italy,2016,15,
1583,Italy,2016,12,
1584,Italy,2013,17,
1585,Italy,2016,18,
1586,Italy,2016,14,
1587,Italy,2016,11,
1588,Italy,2016,10,
1589,Italy,2013,19,
1590,Italy,2014,6,
1591,Italy,2016,16,
1592,Italy,2016,29,
1593,Italy,2015,18,
1594,Italy,2016,22,
1595,Italy,2016,18,
1596,Italy,2016,15,
1597,Italy,2016,30,
1598,Italy,2016,11,
1599,Italy,2016,20,
1600,Italy,2016,21,
1601,Italy,2016,11,
1602,Italy,2016,15,
1603,Italy,2014,15,
1604,Italy,2016,16,
1605,Italy,2016,20,
1606,Italy,2016,9,
1607,Italy,2016,18,
1608,Italy,2016,12,
1609,Italy,2016,16,
1610,Italy,2016,24,
1611,Italy,2016,18,
1612,Italy,2013,6,
1613,Italy,2016,8,
1614,Italy,2016,15,
1615,Italy,2016,17,
1616,Italy,2015,13,
1617,Italy,2016,12,
1618,Italy,2016,18,
1619,Italy,2016,10,
1620,Italy,2016,19,
1621,Italy,2013,19,
1622,Italy,2016,24,
1623,Italy,2016,15,
1624,Italy,2016,18,
1625,Italy,2016,15,
1626,Italy,2016,15,
1627,Italy,2016,15,
1628,Italy,2016,24,
1629,Italy,2015,17,
1630,Italy,2016,12,
1631,Italy,2016,21,
1632,Italy,2013,26,
1633,Italy,2016,14,
1634,Italy,2016,21,
1635,Italy,2016,20,
1636,Italy,2016,10,
1637,Italy,2016,21,
1638,Italy,2016,22,
1639,Italy,2016,11,
1640,Italy,2016,6,
1641,Italy,2016,17,
1642,Italy,2016,16,
1643,Italy,2016,14,
1644,Italy,2016,22,
1645,Italy,2016,26,
1646,Italy,2013,6,
1647,Italy,2016,5,
1648,Italy,2016,19,
1649,Italy,2016,28,
1650,Italy,2016,9,
1651,Italy,2016,21,
1652,Italy,2016,12,
1653,Italy,2016,13,
1654,Italy,2016,26,
1655,Italy,2016,18,
1656,Italy,2016,12,
1657,Italy,2016,25,
1658,Italy,2016,14,
1659,Italy,2016,15,
1660,Italy,2016,16,
1661,Italy,2016,23,
1662,Italy,2016,24,
1663,Italy,2016,15,
1664,Italy,2016,11,
1665,Italy,2016,16,
1666,Italy,2016,14,
1667,Italy,2016,20,
1668,Italy,2016,26,
1669,Italy,2013,12,
1670,Italy,2016,20,
1671,Italy,2016,22,
1672,Italy,2016,16,
1673,Italy,2016,9,
1674,Italy,2016,24,
1675,Italy,2016,19,
1676,Italy,2016,11,
1677,Jordan,2015,19,
1678,Japan,2014,18,
1679,Japan,2014,14,
1680,Japan,2014,13,
1681,Japan,2014,19,
1682,Japan,2014,14,
1683,Japan,2014,16,
1684,Japan,2014,12,
1685,Japan,2014,17,
1686,Japan,2014,17,
1687,Japan,2014,17,
1688,Japan,2014,10,
1689,Japan,2014,12,
1690,Japan,2014,12,
1691,Japan,2014,17,
1692,Japan,2014,17,
1693,Kenya,2009,17,
1694,Republic of Korea,2016,26,
1695,Republic of Korea,2016,26,
1696,Republic of Korea,2016,27,
1697,Republic of Korea,2016,24,
1698,Republic of Korea,2016,22,
1699,Republic of Korea,2016,28,
1700,Republic of Korea,2016,23,
1701,Republic of Korea,2016,28,
1702,Republic of Korea,2016,27,
1703,Republic of Korea,2016,25,
1704,Republic of Korea,2016,26,
1705,Republic of Korea,2016,22,
1706,Republic of Korea,2016,32,
1707,Republic of Korea,2016,24,
1708,Republic of Korea,2016,23,
1709,Republic of Korea,2016,26,
1710,Republic of Korea,2016,23,
1711,Kuwait,2015,79,
1712,Kuwait,2016,12,
1713,Kuwait,2016,51,
1714,Lebanon,2014,26,
1715,Lebanon,2014,32,
1716,Lebanon,2014,30,
1717,Lebanon,2014,33,
1718,Liberia,2009,9,
1719,Liberia,2009,10,
1720,Lithuania,2016,15,
1721,Lithuania,2016,12,
1722,Lithuania,2016,6,
1723,Lithuania,2016,20,
1724,Luxembourg,2013,12,
1725,Luxembourg,2016,9,
1726,Luxembourg,2016,11,
1727,Luxembourg,2016,13,
1728,Luxembourg,2013,16,
1729,Latvia,2016,15,
1730,Latvia,2016,19,
1731,Latvia,2016,15,
1732,Latvia,2016,9,
1733,Latvia,2016,11,
1734,Morocco,2008,29,
1735,Madagascar,2008,37,
1736,Mexico,2010,19,
1737,Mexico,2015,21,
1738,Mexico,2016,26,
1739,Mexico,2016,26,
1740,Mexico,2013,22,
1741,Mexico,2016,22,
1742,Mexico,2016,19,
1743,Mexico,2011,36,
1744,Mexico,2016,21,
1745,Mexico,2016,13,
1746,Mexico,2011,20,
1747,Mexico,2016,26,
1748,Mexico,2011,33,
1749,The former Yugoslav Republic of Macedonia,2016,40,
1750,Malta,2013,11,
1751,Malta,2016,10,
1752,Malta,2016,12,
1753,Malta,2016,10,
1754,Malta,2016,15,
1755,Malta,2013,18,
1756,Malta,2013,10,
1757,Montenegro,2014,16,
1758,Mongolia,2016,92,
1759,Netherlands,2016,13,
1760,Netherlands,2016,14,
1761,Netherlands,2016,11,
1762,Netherlands,2016,11,
1763,Netherlands,2016,11,
1764,Netherlands,2016,10,
1765,Netherlands,2016,11,
1766,Netherlands,2016,10,
1767,Netherlands,2016,13,
1768,Netherlands,2016,9,
1769,Netherlands,2016,10,
1770,Netherlands,2015,13,
1771,Netherlands,2015,13,
1772,Netherlands,2016,12,
1773,Netherlands,2016,9,
1774,Netherlands,2016,9,
1775,Netherlands,2016,9,
1776,Netherlands,2016,9,
1777,Netherlands,2016,11,
1778,Netherlands,2016,8,
1779,Netherlands,2016,11,
1780,Netherlands,2016,11,
1781,Netherlands,2016,11,
1782,Netherlands,2016,16,
1783,Netherlands,2016,11,
1784,Netherlands,2016,11,
1785,Netherlands,2013,17,
1786,Netherlands,2015,13,
1787,Netherlands,2016,9,
1788,Netherlands,2016,9,
1789,Netherlands,2016,9,
1790,Netherlands,2016,15,
1791,Netherlands,2016,9,
1792,Netherlands,2013,16,
1793,Netherlands,2016,12,
1794,Norway,2016,4,
1795,Norway,2014,9,
1796,Norway,2016,8,
1797,Norway,2015,10,
1798,Norway,2016,6,
1799,Norway,2016,7,
1800,Norway,2016,7,
1801,Norway,2016,8,
1802,Norway,2016,5,
1803,Norway,2016,10,
1804,Norway,2016,5,
1805,Norway,2016,9,
1806,Norway,2016,10,
1807,Norway,2016,8,
1808,Norway,2016,10,
1809,Norway,2016,8,
1810,Norway,2015,7,
1811,Norway,2016,7,
1812,Norway,2016,6,
1813,Nepal,2013,49,
1814,New Zealand,2012,6,
1815,New Zealand,2012,10,
1816,New Zealand,2012,12,
1817,New Zealand,2012,15,
1818,Pakistan,2013,36,
1819,Pakistan,2011,66,
1820,Pakistan,2009,88,
1821,Pakistan,2010,68,
1822,Pakistan,2010,111,
1823,Pakistan,2010,107,
1824,Panama,2013,14,
1825,Peru,2016,39,
1826,Philippines,2015,32,
1827,Philippines,2015,34,
1828,Philippines,2016,19,
1829,Philippines,2016,29,
1830,Philippines,2016,31,
1831,Philippines,2016,15,
1832,Philippines,2016,45,
1833,Philippines,2016,46,
1834,Philippines,2016,20,
1835,Philippines,2016,22,
1836,Philippines,2016,34,
1837,Philippines,2015,32,
1838,Philippines,2016,18,
1839,Philippines,2016,23,
1840,Philippines,2016,20,
1841,Poland,2015,26,
1842,Poland,2016,18,
1843,Poland,2013,34,
1844,Poland,2016,28,
1845,Poland,2016,29,
1846,Poland,2016,17,
1847,Poland,2016,20,
1848,Poland,2016,19,
1849,Poland,2015,27,
1850,Poland,2016,25,
1851,Poland,2016,11,
1852,Poland,2016,16,
1853,Poland,2016,12,
1854,Poland,2016,32,
1855,Poland,2016,33,
1856,Poland,2016,18,
1857,Poland,2013,16,
1858,Poland,2016,26,
1859,Poland,2016,22,
1860,Poland,2016,22,
1861,Poland,2016,22,
1862,Poland,2016,27,
1863,Poland,2016,30,
1864,Poland,2016,27,
1865,Poland,2016,22,
1866,Poland,2016,20,
1867,Poland,2016,20,
1868,Poland,2016,13,
1869,Poland,2016,31,
1870,Poland,2016,24,
1871,Poland,2016,26,
1872,Poland,2016,25,
1873,Poland,2016,23,
1874,Poland,2016,26,
1875,Poland,2016,27,
1876,Poland,2016,17,
1877,Poland,2016,25,
1878,Poland,2016,21,
1879,Poland,2016,20,
1880,Poland,2016,31,
1881,Poland,2016,15,
1882,Poland,2016,23,
1883,Poland,2016,16,
1884,Poland,2015,21,
1885,Poland,2016,25,
1886,Poland,2016,29,
1887,Poland,2016,33,
1888,Poland,2016,21,
1889,Poland,2016,23,
1890,Poland,2016,19,
1891,Poland,2016,24,
1892,Poland,2016,25,
1893,Poland,2016,24,
1894,Poland,2016,22,
1895,Poland,2016,27,
1896,Poland,2016,15,
1897,Poland,2016,22,
1898,Poland,2016,12,
1899,Poland,2016,17,
1900,Poland,2016,14,
1901,Poland,2016,24,
1902,Poland,2016,28,
1903,Poland,2016,18,
1904,Poland,2016,27,
1905,Poland,2016,12,
1906,Poland,2016,19,
1907,Poland,2016,22,
1908,Poland,2016,21,
1909,Poland,2016,25,
1910,Poland,2014,23,
1911,Poland,2016,26,
1912,Poland,2015,24,
1913,Poland,2016,21,
1914,Poland,2016,19,
1915,Poland,2016,21,
1916,Poland,2016,20,
1917,Poland,2013,14,
1918,Poland,2013,23,
1919,Poland,2016,29,
1920,Poland,2016,24,
1921,Portugal,2016,8,
1922,Portugal,2016,13,
1923,Portugal,2016,7,
1924,Portugal,2016,6,
1925,Portugal,2015,15,
1926,Portugal,2015,12,
1927,Portugal,2016,5,
1928,Portugal,2016,12,
1929,Portugal,2014,3,
1930,Portugal,2015,12,
1931,Portugal,2015,8,
1932,Portugal,2015,5,
1933,Portugal,2015,6,
1934,Portugal,2016,3,
1935,Portugal,2016,6,
1936,Portugal,2016,7,
1937,Portugal,2016,4,
1938,Portugal,2016,7,
1939,Paraguay,2010,18,
1940,Romania,2013,17,
1941,Romania,2016,14,
1942,Romania,2015,19,
1943,Romania,2013,21,
1944,Romania,2015,13,
1945,Romania,2014,13,
1946,Romania,2015,17,
1947,Romania,2013,13,
1948,Romania,2013,21,
1949,Romania,2013,21,
1950,Romania,2014,8,
1951,Romania,2016,20,
1952,Romania,2014,18,
1953,Romania,2014,13,
1954,Romania,2016,18,
1955,Romania,2013,16,
1956,Romania,2016,13,
1957,Romania,2015,11,
1958,Russian Federation,2016,14,
1959,Saudi Arabia,2016,56,
1960,Saudi Arabia,2016,58,
1961,Saudi Arabia,2016,73,
1962,Saudi Arabia,2017,75,
1963,Senegal,2017,21,
1964,Singapore,2014,18,
1965,El Salvador,2016,27,
1966,Serbia,2016,23,
1967,Slovakia,2014,14,
1968,Slovakia,2016,14,
1969,Slovakia,2013,22,
1970,Slovakia,2016,16,
1971,Slovakia,2015,18,
1972,Slovakia,2014,19,
1973,Slovakia,2015,19,
1974,Slovakia,2015,22,
1975,Slovakia,2016,16,
1976,Slovakia,2015,19,
1977,Slovakia,2016,9,
1978,Slovakia,2015,17,
1979,Slovakia,2016,17,
1980,Slovakia,2016,15,
1981,Slovakia,2014,23,
1982,Slovakia,2015,23,
1983,Slovakia,2014,19,
1984,Slovakia,2015,11,
1985,Slovakia,2015,20,
1986,Slovakia,2016,18,
1987,Slovakia,2013,25,
1988,Slovakia,2014,18,
1989,Slovakia,2014,15,
1990,Slovakia,2016,14,
1991,Slovenia,2016,23,
1992,Slovenia,2016,20,
1993,Slovenia,2016,9,
1994,Sweden,2016,7,
1995,Sweden,2016,2,
1996,Sweden,2016,5,
1997,Sweden,2013,6,
1998,Sweden,2016,7,
1999,Sweden,2016,8,
2000,Sweden,2015,8,
2001,Sweden,2016,3,
2002,Sweden,2016,12,
2003,Sweden,2016,4,
2004,Sweden,2016,5,
2005,Sweden,2016,5,
2006,Sweden,2016,4,
2007,Sweden,2016,4,
2008,Sweden,2016,5,
2009,Thailand,2015,28,
2010,Turkey,2016,39,
2011,Turkey,2016,19,
2012,Turkey,2016,24,
2013,Turkey,2016,21,
2014,Turkey,2016,30,
2015,Turkey,2016,31,
2016,Turkey,2016,22,
2017,Turkey,2016,15,
2018,Turkey,2016,15,
2019,Turkey,2016,15,
2020,Turkey,2016,32,
2021,Turkey,2016,20,
2022,Turkey,2016,27,
2023,Turkey,2016,27,
2024,Turkey,2016,16,
2025,United Republic of Tanzania,2011,23,
2026,Uganda,2013,104,
2027,Ukraine,2017,22,
2028,Uruguay,2014,8,
2029,United States of America,2014,9,
2030,United States of America,2014,10,
2031,United States of America,2016,9,
2032,United States of America,2014,7,
2033,United States of America,2016,5,
2034,United States of America,2014,8,
2035,United States of America,2014,9,
2036,United States of America,2016,9,
2037,United States of America,2016,10,
2038,United States of America,2014,9,
2039,United States of America,2016,8,
2040,United States of America,2015,7,
2041,United States of America,2016,9,
2042,United States of America,2016,6,
2043,United States of America,2015,9,
2044,United States of America,2014,10,
2045,United States of America,2016,8,
2046,United States of America,2016,7,
2047,United States of America,2014,9,
2048,United States of America,2016,8,
2049,United States of America,2016,8,
2050,United States of America,2016,8,
2051,United States of America,2014,8,
2052,United States of America,2014,9,
2053,United States of America,2016,6,
2054,United States of America,2014,8,
2055,United States of America,2014,10,
2056,United States of America,2016,11,
2057,United States of America,2014,10,
2058,United States of America,2014,8,
2059,United States of America,2016,6,
2060,United States of America,2014,10,
2061,United States of America,2014,7,
2062,United States of America,2014,9,
2063,United States of America,2014,18,
2064,United States of America,2016,8,
2065,United States of America,2014,10,
2066,United States of America,2015,7,
2067,United States of America,2016,8,
2068,United States of America,2014,7,
2069,United States of America,2016,10,
2070,United States of America,2014,4,
2071,United States of America,2014,8,
2072,United States of America,2016,6,
2073,United States of America,2014,8,
2074,United States of America,2016,9,
2075,United States of America,2016,8,
2076,United States of America,2014,8,
2077,United States of America,2016,5,
2078,United States of America,2014,11,
2079,United States of America,2014,8,
2080,United States of America,2014,4,
2081,United States of America,2016,6,
2082,United States of America,2016,7,
2083,United States of America,2016,9,
2084,United States of America,2014,7,
2085,United States of America,2016,7,
2086,United States of America,2014,7,
2087,United States of America,2014,7,
2088,United States of America,2016,5,
2089,United States of America,2016,8,
2090,United States of America,2014,9,
2091,United States of America,2016,6,
2092,United States of America,2016,4,
2093,United States of America,2014,5,
2094,United States of America,2016,9,
2095,United States of America,2014,8,
2096,United States of America,2014,6,
2097,United States of America,2015,11,
2098,United States of America,2016,6,
2099,United States of America,2016,8,
2100,United States of America,2016,9,
2101,United States of America,2016,5,
2102,United States of America,2014,5,
2103,United States of America,2015,8,
2104,United States of America,2014,9,
2105,United States of America,2016,7,
2106,United States of America,2014,6,
2107,United States of America,2016,12,
2108,United States of America,2014,9,
2109,United States of America,2016,10,
2110,United States of America,2016,6,
2111,United States of America,2014,11,
2112,United States of America,2014,6,
2113,United States of America,2016,8,
2114,United States of America,2016,7,
2115,United States of America,2016,4,
2116,United States of America,2016,9,
2117,United States of America,2016,6,
2118,United States of America,2016,8,
2119,United States of America,2016,9,
2120,United States of America,2016,7,
2121,United States of America,2014,9,
2122,United States of America,2014,9,
2123,United States of America,2014,7,
2124,United States of America,2014,9,
2125,United States of America,2016,11,
2126,United States of America,2014,4,
2127,United States of America,2014,12,
2128,United States of America,2016,8,
2129,United States of America,2014,10,
2130,United States of America,2014,9,
2131,United States of America,2016,8,
2132,United States of America,2014,4,
2133,United States of America,2016,10,
2134,United States of America,2014,10,
2135,United States of America,2016,8,
2136,United States of America,2016,5,
2137,United States of America,2016,12,
2138,United States of America,2016,7,
2139,United States of America,2016,6,
2140,United States of America,2014,6,
2141,United States of America,2015,8,
2142,United States of America,2016,6,
2143,United States of America,2015,10,
2144,United States of America,2014,7,
2145,United States of America,2016,6,
2146,United States of America,2014,9,
2147,United States of America,2014,6,
2148,United States of America,2016,5,
2149,United States of America,2014,10,
2150,United States of America,2014,7,
2151,United States of America,2014,9,
2152,United States of America,2014,11,
2153,United States of America,2016,8,
2154,United States of America,2014,10,
2155,United States of America,2014,9,
2156,United States of America,2016,6,
2157,United States of America,2016,8,
2158,United States of America,2014,10,
2159,United States of America,2016,6,
2160,United States of America,2014,9,
2161,United States of America,2014,9,
2162,United States of America,2016,8,
2163,United States of America,2014,10,
2164,United States of America,2016,8,
2165,United States of America,2014,7,
2166,United States of America,2016,7,
2167,United States of America,2014,8,
2168,United States of America,2016,8,
2169,United States of America,2016,4,
2170,United States of America,2014,10,
2171,United States of America,2014,4,
2172,United States of America,2015,5,
2173,United States of America,2014,8,
2174,United States of America,2016,5,
2175,United States of America,2016,9,
2176,United States of America,2014,9,
2177,United States of America,2016,8,
2178,United States of America,2016,7,
2179,United States of America,2016,7,
2180,United States of America,2016,7,
2181,United States of America,2014,9,
2182,United States of America,2016,5,
2183,United States of America,2014,8,
2184,United States of America,2016,8,
2185,United States of America,2014,10,
2186,United States of America,2014,9,
2187,United States of America,2016,10,
2188,United States of America,2016,10,
2189,United States of America,2014,10,
2190,United States of America,2016,9,
2191,United States of America,2014,15,
2192,United States of America,2014,8,
2193,United States of America,2016,8,
2194,United States of America,2014,8,
2195,United States of America,2014,4,
2196,United States of America,2014,11,
2197,United States of America,2014,10,
2198,United States of America,2014,10,
2199,United States of America,2016,5,
2200,United States of America,2014,5,
2201,United States of America,2014,4,
2202,United States of America,2015,11,
2203,United States of America,2016,8,
2204,United States of America,2014,9,
2205,United States of America,2016,8,
2206,United States of America,2014,9,
2207,United States of America,2014,9,
2208,United States of America,2014,9,
2209,United States of America,2016,6,
2210,United States of America,2016,7,
2211,United States of America,2014,6,
2212,United States of America,2015,11,
2213,United States of America,2014,11,
2214,United States of America,2014,9,
2215,United States of America,2016,8,
2216,United States of America,2014,5,
2217,United States of America,2016,8,
2218,United States of America,2016,9,
2219,United States of America,2016,13,
2220,United States of America,2014,9,
2221,United States of America,2016,6,
2222,United States of America,2016,8,
2223,United States of America,2016,7,
2224,United States of America,2016,9,
2225,United States of America,2014,4,
2226,United States of America,2016,6,
2227,United States of America,2016,7,
2228,United States of America,2016,10,
2229,United States of America,2014,10,
2230,United States of America,2015,8,
2231,United States of America,2014,11,
2232,United States of America,2014,6,
2233,United States of America,2016,6,
2234,United States of America,2014,10,
2235,United States of America,2014,7,
2236,United States of America,2015,5,
2237,United States of America,2014,8,
2238,United States of America,2014,9,
2239,United States of America,2016,8,
2240,United States of America,2014,8,
2241,United States of America,2016,10,
2242,United States of America,2016,10,
2243,United States of America,2014,9,
2244,United States of America,2016,6,
2245,United States of America,2016,7,
2246,United States of America,2014,9,
2247,United States of America,2014,10,
2248,United States of America,2016,9,
2249,United States of America,2014,8,
2250,United States of America,2016,16,
2251,United States of America,2014,16,
2252,United States of America,2014,9,
2253,United States of America,2014,10,
2254,United States of America,2014,9,
2255,United States of America,2016,7,
2256,United States of America,2014,8,
2257,United States of America,2014,10,
2258,United States of America,2016,5,
2259,United States of America,2016,15,
2260,United States of America,2014,8,
2261,United States of America,2014,5,
2262,United States of America,2016,7,
2263,United States of America,2016,7,
2264,United States of America,2016,9,
2265,United States of America,2014,9,
2266,United States of America,2016,9,
2267,United States of America,2016,4,
2268,United States of America,2016,7,
2269,United States of America,2016,3,
2270,United States of America,2014,9,
2271,United States of America,2014,8,
2272,United States of America,2015,12,
2273,United States of America,2014,10,
2274,United States of America,2014,9,
2275,United States of America,2014,9,
2276,United States of America,2015,5,
2277,United States of America,2016,10,
2278,United States of America,2014,12,
2279,United States of America,2016,7,
2280,United States of America,2014,10,
2281,United States of America,2016,7,
2282,United States of America,2014,8,
2283,United States of America,2014,7,
2284,United States of America,2014,11,
2285,United States of America,2016,6,
2286,United States of America,2016,9,
2287,United States of America,2016,9,
2288,United States of America,2016,9,
2289,United States of America,2015,7,
2290,United States of America,2016,3,
2291,United States of America,2014,10,
2292,United States of America,2014,8,
2293,United States of America,2016,8,
2294,United States of America,2014,4,
2295,United States of America,2015,10,
2296,United States of America,2016,6,
2297,United States of America,2016,6,
2298,United States of America,2014,8,
2299,United States of America,2014,8,
2300,United States of America,2016,9,
2301,United States of America,2016,6,
2302,United States of America,2016,4,
2303,United States of America,2016,5,
2304,United States of America,2014,9,
2305,United States of America,2016,10,
2306,United States of America,2014,9,
2307,United States of America,2016,8,
2308,United States of America,2016,10,
2309,United States of America,2016,9,
2310,United States of America,2014,8,
2311,United States of America,2014,4,
2312,United States of America,2016,9,
2313,United States of America,2014,11,
2314,United States of America,2014,7,
2315,United States of America,2014,7,
2316,United States of America,2014,9,
2317,United States of America,2016,6,
2318,United States of America,2016,9,
2319,United States of America,2014,9,
2320,United States of America,2016,9,
2321,United States of America,2014,8,
2322,United States of America,2016,9,
2323,United States of America,2014,8,
2324,United States of America,2016,7,
2325,United States of America,2016,5,
2326,United States of America,2016,6,
2327,United States of America,2014,8,
2328,United States of America,2016,8,
2329,United States of America,2014,9,
2330,United States of America,2016,10,
2331,United States of America,2015,13,
2332,United States of America,2014,8,
2333,United States of America,2014,10,
2334,United States of America,2016,5,
2335,United States of America,2016,8,
2336,United States of America,2014,8,
2337,United States of America,2016,7,
2338,United States of America,2016,11,
2339,United States of America,2016,12,
2340,United States of America,2014,11,
2341,United States of America,2016,8,
2342,United States of America,2014,11,
2343,United States of America,2014,9,
2344,United States of America,2014,8,
2345,United States of America,2016,5,
2346,United States of America,2014,11,
2347,United States of America,2016,6,
2348,United States of America,2016,11,
2349,United States of America,2014,9,
2350,United States of America,2014,6,
2351,United States of America,2014,6,
2352,United States of America,2016,9,
2353,United States of America,2014,14,
2354,United States of America,2016,4,
2355,United States of America,2016,6,
2356,United States of America,2016,8,
2357,United States of America,2014,10,
2358,United States of America,2016,10,
2359,United States of America,2014,9,
2360,United States of America,2015,9,
2361,United States of America,2014,9,
2362,United States of America,2014,11,
2363,United States of America,2016,7,
2364,United States of America,2016,8,
2365,United States of America,2014,6,
2366,United States of America,2014,10,
2367,United States of America,2014,9,
2368,United States of America,2015,5,
2369,United States of America,2014,10,
2370,United States of America,2016,7,
2371,United States of America,2014,8,
2372,United States of America,2016,14,
2373,United States of America,2016,7,
2374,United States of America,2014,9,
2375,United States of America,2016,10,
2376,United States of America,2016,7,
2377,United States of America,2014,9,
2378,United States of America,2016,8,
2379,United States of America,2014,9,
2380,United States of America,2014,6,
2381,United States of America,2015,3,
2382,United States of America,2016,4,
2383,United States of America,2014,10,
2384,United States of America,2016,8,
2385,United States of America,2016,8,
2386,United States of America,2016,9,
2387,United States of America,2014,10,
2388,United States of America,2016,7,
2389,United States of America,2014,10,
2390,United States of America,2015,8,
2391,United States of America,2014,9,
2392,United States of America,2014,8,
2393,United States of America,2016,7,
2394,United States of America,2014,9,
2395,United States of America,2016,8,
2396,United States of America,2014,8,
2397,United States of America,2016,6,
2398,United States of America,2016,10,
2399,United States of America,2015,9,
2400,United States of America,2016,8,
2401,United States of America,2016,10,
2402,United States of America,2016,10,
2403,United States of America,2016,10,
2404,United States of America,2014,8,
2405,United States of America,2016,8,
2406,United States of America,2016,9,
2407,United States of America,2016,8,
2408,United States of America,2014,8,
2409,United States of America,2016,9,
2410,United States of America,2014,9,
2411,United States of America,2016,7,
2412,United States of America,2014,8,
2413,United States of America,2016,15,
2414,United States of America,2014,6,
2415,United States of America,2014,11,
2416,United States of America,2014,9,
2417,United States of America,2014,10,
2418,United States of America,2016,6,
2419,United States of America,2016,4,
2420,United States of America,2016,8,
2421,United States of America,2016,3,
2422,United States of America,2014,10,
2423,United States of America,2014,10,
2424,United States of America,2016,3,
2425,United States of America,2016,4,
2426,United States of America,2016,9,
2427,United States of America,2014,10,
2428,United States of America,2016,9,
2429,United States of America,2014,9,
2430,United States of America,2016,4,
2431,United States of America,2014,9,
2432,United States of America,2016,9,
2433,United States of America,2016,8,
2434,United States of America,2015,9,
2435,United States of America,2016,7,
2436,United States of America,2014,7,
2437,United States of America,2016,7,
2438,United States of America,2015,8,
2439,United States of America,2014,7,
2440,United States of America,2014,16,
2441,United States of America,2016,6,
2442,United States of America,2014,7,
2443,United States of America,2016,4,
2444,United States of America,2014,10,
2445,United States of America,2016,8,
2446,United States of America,2014,6,
2447,United States of America,2016,8,
2448,United States of America,2014,7,
2449,United States of America,2014,6,
2450,United States of America,2016,9,
2451,United States of America,2016,9,
2452,United States of America,2014,9,
2453,United States of America,2016,8,
2454,United States of America,2016,6,
2455,United States of America,2014,10,
2456,United States of America,2016,5,
2457,United States of America,2014,5,
2458,United States of America,2016,8,
2459,United States of America,2016,6,
2460,United States of America,2014,8,
2461,United States of America,2016,8,
2462,United States of America,2014,8,
2463,United States of America,2014,11,
2464,United States of America,2014,8,
2465,United States of America,2016,6,
2466,United States of America,2016,6,
2467,United States of America,2016,13,
2468,United States of America,2016,7,
2469,United States of America,2016,6,
2470,United States of America,2014,8,
2471,United States of America,2015,7,
2472,United States of America,2016,6,
2473,United States of America,2014,9,
2474,United States of America,2016,9,
2475,United States of America,2016,8,
2476,United States of America,2014,9,
2477,United States of America,2015,9,
2478,United States of America,2014,8,
2479,United States of America,2016,8,
2480,United States of America,2014,9,
2481,United States of America,2016,9,
2482,United States of America,2014,7,
2483,United States of America,2014,6,
2484,United States of America,2014,9,
2485,United States of America,2016,8,
2486,United States of America,2016,6,
2487,United States of America,2014,10,
2488,United States of America,2014,9,
2489,United States of America,2014,9,
2490,United States of America,2014,8,
2491,United States of America,2014,5,
2492,United States of America,2016,7,
2493,United States of America,2014,8,
2494,United States of America,2015,8,
2495,United States of America,2016,8,
2496,United States of America,2014,8,
2497,United States of America,2016,6,
2498,United States of America,2014,6,
2499,United States of America,2016,5,
2500,United States of America,2016,6,
2501,United States of America,2014,5,
2502,United States of America,2014,7,
2503,United States of America,2016,9,
2504,United States of America,2015,2,
2505,United States of America,2014,8,
2506,United States of America,2014,8,
2507,United States of America,2016,7,
2508,United States of America,2014,9,
2509,United States of America,2016,9,
2510,United States of America,2014,10,
2511,United States of America,2016,8,
2512,United States of America,2016,7,
2513,United States of America,2016,8,
2514,United States of America,2014,7,
2515,United States of America,2016,7,
2516,United States of America,2014,8,
2517,United States of America,2016,6,
2518,United States of America,2016,8,
2519,United States of America,2016,9,
2520,United States of America,2016,6,
2521,United States of America,2016,7,
2522,United States of America,2015,9,
2523,United States of America,2015,12,
2524,United States of America,2016,13,
2525,United States of America,2014,9,
2526,United States of America,2014,9,
2527,United States of America,2014,7,
2528,United States of America,2016,7,
2529,United States of America,2014,9,
2530,United States of America,2014,9,
2531,United States of America,2015,10,
2532,United States of America,2014,7,
2533,United States of America,2016,7,
2534,United States of America,2016,9,
2535,United States of America,2014,10,
2536,United States of America,2014,10,
2537,United States of America,2016,10,
2538,United States of America,2014,10,
2539,United States of America,2016,7,
2540,United States of America,2014,6,
2541,United States of America,2014,8,
2542,United States of America,2016,4,
2543,United States of America,2016,7,
2544,United States of America,2014,8,
2545,United States of America,2014,6,
2546,United States of America,2014,9,
2547,United States of America,2014,9,
2548,United States of America,2016,6,
2549,United States of America,2016,3,
2550,United States of America,2014,9,
2551,United States of America,2016,8,
2552,United States of America,2014,10,
2553,United States of America,2016,7,
2554,United States of America,2016,8,
2555,United States of America,2016,8,
2556,United States of America,2015,8,
2557,United States of America,2016,4,
2558,United States of America,2016,7,
2559,United States of America,2014,8,
2560,United States of America,2014,18,
2561,United States of America,2016,5,
2562,United States of America,2014,9,
2563,United States of America,2016,7,
2564,United States of America,2014,9,
2565,United States of America,2014,4,
2566,United States of America,2014,9,
2567,United States of America,2014,9,
2568,United States of America,2016,5,
2569,United States of America,2014,11,
2570,United States of America,2016,2,
2571,United States of America,2014,10,
2572,United States of America,2014,9,
2573,United States of America,2016,11,
2574,United States of America,2016,2,
2575,United States of America,2016,6,
2576,United States of America,2016,9,
2577,United States of America,2014,9,
2578,United States of America,2014,8,
2579,United States of America,2015,8,
2580,United States of America,2015,6,
2581,United States of America,2016,6,
2582,United States of America,2016,9,
2583,United States of America,2016,9,
2584,United States of America,2014,11,
2585,United States of America,2014,9,
2586,United States of America,2016,8,
2587,United States of America,2016,8,
2588,Viet Nam,2016,48,
2589,Viet Nam,2016,42,
2590,South Africa,2014,22,
2591,South Africa,2014,16,
2592,South Africa,2014,60,
2593,South Africa,2011,41,
2594,South Africa,2014,13,
2595,South Africa,2013,31,
2596,South Africa,2014,31,
2597,South Africa,2014,26,
2598,South Africa,2014,34,
2599,South Africa,2014,18,
2600,South Africa,2014,16,
2601,South Africa,2014,30,
